Student_ID,Internal_Marks,Final_Exam_Marks,Attendance_Percentage
S0001,43,66,77
S0002,30,34,63
S0003,36,60,76
S0004,87,58,73
S0005,66,97,73
S0006,44,52,72
S0007,92,35,66
S0008,40,63,74
S0009,31,71,78
S0010,56,43,94
S0011,61,39,76
S0012,36,52,94
S0013,67,48,78
S0014,47,96,79
S0015,60,33,95
S0016,66,71,94
S0017,37,57,91
S0018,97,86,99
S0019,90,43,83
S0020,32,91,76
S0021,32,98,66
S0022,50,64,60
S0023,21,71,94
S0024,35,89,91
S0025,28,53,95
S0026,92,74,72
S0027,57,37,65
S0028,94,25,73
S0029,73,58,96
S0030,75,72,74
S0031,64,72,63
S0032,53,73,99
S0033,28,88,75
S0034,27,85,87
S0035,26,53,75
S0036,55,63,63
S0037,37,50,85
S0038,22,41,87
S0039,47,95,91
S0040,89,37,61
S0041,63,93,90
S0042,40,50,62
S0043,47,73,67
S0044,73,91,83
S0045,73,31,74
S0046,84,82,90
S0047,40,73,68
S0048,32,77,98
S0049,76,89,61
S0050,68,86,67
S0051,73,41,66
S0052,29,67,98
S0053,72,49,75
S0054,63,27,94
S0055,66,53,89
S0056,72,56,69
S0057,93,50,97
S0058,65,40,77
S0059,32,49,64
S0060,56,78,88
S0061,43,52,98
S0062,21,97,93
S0063,33,80,82
S0064,29,89,64
S0065,54,65,89
S0066,44,75,65
S0067,22,95,63
S0068,36,53,88
S0069,31,43,82
S0070,73,90,65
S0071,43,65,91
S0072,48,69,77
S0073,62,39,74
S0074,44,27,99
S0075,79,35,91
S0076,84,77,68
S0077,47,70,96
S0078,35,54,69
S0079,66,81,79
S0080,77,42,65
S0081,95,75,62
S0082,46,72,70
S0083,72,90,76
S0084,61,32,91
S0085,78,46,63
S0086,66,30,63
S0087,53,81,76
S0088,56,60,78
S0089,25,81,64
S0090,26,73,91
S0091,44,69,81
S0092,52,90,65
S0093,74,69,94
S0094,77,44,81
S0095,26,88,60
S0096,76,91,79
S0097,31,27,81
S0098,35,78,70
S0099,99,88,72
S0100,62,64,62
S0101,96,83,68
S0102,26,79,71
S0103,70,86,82
S0104,92,28,73
S0105,51,84,92
S0106,94,99,77
S0107,27,54,68
S0108,91,26,82
S0109,64,86,69
S0110,78,73,78
S0111,23,33,64
S0112,86,55,82
S0113,48,85,89
S0114,48,72,84
S0115,47,49,87
S0116,96,60,93
S0117,98,32,84
S0118,63,97,69
S0119,23,82,73
S0120,28,69,89
S0121,24,86,84
S0122,75,63,73
S0123,69,82,94
S0124,94,88,93
S0125,34,68,69
S0126,51,53,94
S0127,47,83,70
S0128,41,95,70
S0129,36,33,80
S0130,78,30,80
S0131,90,53,81
S0132,76,82,66
S0133,45,41,76
S0134,44,40,61
S0135,29,27,71
S0136,64,45,77
S0137,30,88,70
S0138,96,60,75
S0139,72,86,77
S0140,91,66,94
S0141,87,66,85
S0142,47,85,75
S0143,94,37,65
S0144,84,35,71
S0145,68,78,72
S0146,66,40,63
S0147,71,32,98
S0148,73,83,61
S0149,79,81,85
S0150,76,64,86
S0151,66,83,86
S0152,50,26,74
S0153,65,34,67
S0154,45,68,66
S0155,24,35,99
S0156,71,26,71
S0157,94,74,72
S0158,73,36,76
S0159,52,47,76
S0160,69,42,95
S0161,57,86,80
S0162,46,86,67
S0163,34,62,64
S0164,80,91,85
S0165,40,62,75
S0166,65,91,95
S0167,88,85,87
S0168,25,25,88
S0169,57,69,71
S0170,81,52,96
S0171,81,45,89
S0172,97,37,82
S0173,93,51,75
S0174,65,31,73
S0175,32,46,69
S0176,22,98,66
S0177,25,77,96
S0178,27,28,88
S0179,63,47,62
S0180,52,94,74
S0181,94,57,95
S0182,96,52,78
S0183,69,32,72
S0184,30,25,80
S0185,47,61,96
S0186,89,87,86
S0187,60,46,88
S0188,35,94,79
S0189,87,45,84
S0190,67,59,65
S0191,75,29,95
S0192,83,84,61
S0193,78,70,81
S0194,81,74,91
S0195,95,72,75
S0196,30,30,77
S0197,37,80,64
S0198,38,83,95
S0199,74,53,89
S0200,45,95,78
S0201,25,42,82
S0202,23,26,93
S0203,48,32,72
S0204,78,99,88
S0205,36,78,95
S0206,62,62,81
S0207,99,72,95
S0208,85,51,68
S0209,53,44,98
S0210,27,36,78
S0211,32,67,97
S0212,27,85,65
S0213,84,55,74
S0214,62,85,79
S0215,58,98,68
S0216,78,91,91
S0217,63,59,63
S0218,28,39,77
S0219,56,40,64
S0220,93,37,79
S0221,55,59,82
S0222,47,99,70
S0223,61,83,96
S0224,62,45,81
S0225,61,78,63
S0226,85,99,88
S0227,74,54,93
S0228,91,72,72
S0229,67,59,68
S0230,41,62,90
S0231,46,55,66
S0232,86,48,63
S0233,32,73,78
S0234,64,56,89
S0235,29,79,90
S0236,28,82,94
S0237,73,27,80
S0238,46,93,90
S0239,53,34,78
S0240,20,49,90
S0241,51,92,91
S0242,90,85,61
S0243,86,53,69
S0244,39,43,61
S0245,54,67,61
S0246,97,90,83
S0247,36,98,76
S0248,37,85,91
S0249,64,67,75
S0250,72,49,75
S0251,87,44,98
S0252,84,72,90
S0253,20,48,83
S0254,77,35,60
S0255,45,79,70
S0256,39,52,80
S0257,29,93,63
S0258,78,87,66
S0259,94,83,85
S0260,60,29,71
S0261,24,75,90
S0262,84,45,76
S0263,36,36,92
S0264,41,74,70
S0265,60,28,87
S0266,87,66,91
S0267,88,62,60
S0268,30,49,87
S0269,75,38,66
S0270,70,99,61
S0271,40,56,83
S0272,95,35,63
S0273,45,85,78
S0274,38,42,85
S0275,79,51,70
S0276,90,79,99
S0277,66,78,70
S0278,90,99,62
S0279,45,45,71
S0280,59,68,62
S0281,24,29,86
S0282,40,65,61
S0283,97,83,75
S0284,23,78,61
S0285,42,98,89
S0286,34,46,79
S0287,27,89,97
S0288,60,88,87
S0289,38,95,84
S0290,65,28,91
S0291,47,89,69
S0292,87,39,99
S0293,34,46,92
S0294,56,71,72
S0295,20,70,96
S0296,86,38,75
S0297,43,74,81
S0298,46,44,79
S0299,59,74,86
S0300,82,57,75
S0301,80,83,93
S0302,55,67,91
S0303,43,36,85
S0304,43,64,84
S0305,23,44,61
S0306,86,62,71
S0307,53,27,99
S0308,76,52,68
S0309,68,80,71
S0310,72,37,85
S0311,42,90,68
S0312,88,61,69
S0313,72,73,91
S0314,81,90,93
S0315,60,60,79
S0316,76,78,98
S0317,79,50,61
S0318,73,99,60
S0319,89,96,95
S0320,76,64,83
S0321,29,67,86
S0322,59,46,61
S0323,26,44,90
S0324,57,32,73
S0325,80,53,61
S0326,22,64,88
S0327,70,54,74
S0328,66,79,71
S0329,87,40,96
S0330,95,70,87
S0331,57,86,79
S0332,55,31,98
S0333,60,69,83
S0334,88,83,80
S0335,32,80,69
S0336,77,72,73
S0337,69,51,96
S0338,49,77,77
S0339,81,97,83
S0340,44,59,73
S0341,46,75,93
S0342,70,61,71
S0343,97,81,81
S0344,76,32,65
S0345,66,44,95
S0346,58,77,95
S0347,35,36,81
S0348,41,73,73
S0349,73,41,75
S0350,40,88,95
S0351,91,66,84
S0352,35,53,91
S0353,78,43,92
S0354,50,35,95
S0355,61,74,79
S0356,93,95,77
S0357,51,82,97
S0358,78,58,62
S0359,53,44,82
S0360,28,74,91
S0361,30,34,75
S0362,29,56,64
S0363,36,76,63
S0364,87,39,80
S0365,67,27,99
S0366,71,61,73
S0367,44,64,98
S0368,40,96,90
S0369,84,64,73
S0370,82,80,65
S0371,70,47,71
S0372,55,35,75
S0373,85,88,76
S0374,34,32,82
S0375,58,80,73
S0376,89,84,66
S0377,20,34,91
S0378,42,63,74
S0379,58,52,76
S0380,76,73,93
S0381,53,60,64
S0382,60,37,86
S0383,92,60,82
S0384,32,50,99
S0385,89,28,73
S0386,25,88,74
S0387,71,62,92
S0388,22,46,90
S0389,82,26,94
S0390,68,55,76
S0391,95,35,87
S0392,66,70,78
S0393,74,86,82
S0394,83,93,91
S0395,84,88,99
S0396,86,34,72
S0397,34,64,79
S0398,51,48,94
S0399,87,68,64
S0400,37,84,68
S0401,62,86,88
S0402,54,41,65
S0403,97,89,84
S0404,77,81,90
S0405,52,79,81
S0406,33,77,61
S0407,53,80,64
S0408,80,33,86
S0409,23,46,84
S0410,78,37,67
S0411,48,72,60
S0412,25,42,79
S0413,68,64,82
S0414,59,41,91
S0415,84,39,70
S0416,88,39,98
S0417,46,87,83
S0418,99,63,70
S0419,25,37,88
S0420,32,56,85
S0421,83,33,75
S0422,81,64,94
S0423,38,44,79
S0424,95,97,62
S0425,99,87,60
S0426,62,68,60
S0427,93,62,76
S0428,39,84,61
S0429,87,95,88
S0430,63,72,79
S0431,42,42,65
S0432,21,40,67
S0433,41,79,88
S0434,76,63,92
S0435,91,92,62
S0436,26,83,94
S0437,97,86,64
S0438,75,37,86
S0439,86,30,71
S0440,35,84,79
S0441,70,38,79
S0442,99,78,68
S0443,91,28,98
S0444,31,63,63
S0445,72,96,78
S0446,94,49,97
S0447,24,56,86
S0448,46,83,72
S0449,31,87,72
S0450,36,62,81
S0451,25,77,87
S0452,24,91,81
S0453,76,52,78
S0454,47,27,67
S0455,97,46,67
S0456,88,62,85
S0457,78,96,85
S0458,52,96,82
S0459,81,86,72
S0460,69,81,87
S0461,38,30,68
S0462,88,56,79
S0463,85,34,78
S0464,66,27,98
S0465,58,83,71
S0466,87,73,74
S0467,52,83,90
S0468,32,55,73
S0469,73,93,70
S0470,26,86,85
S0471,98,76,86
S0472,33,65,70
S0473,38,55,97
S0474,73,46,93
S0475,39,28,78
S0476,48,37,65
S0477,43,69,97
S0478,82,66,87
S0479,93,73,60
S0480,76,44,94
S0481,27,78,99
S0482,81,60,67
S0483,48,25,66
S0484,93,39,70
S0485,36,41,98
S0486,85,48,63
S0487,25,82,84
S0488,77,96,71
S0489,88,47,85
S0490,47,70,97
S0491,81,96,71
S0492,60,32,96
S0493,88,83,83
S0494,60,83,75
S0495,68,37,72
S0496,68,63,84
S0497,95,52,63
S0498,90,85,70
S0499,22,40,91
S0500,29,26,66
S0501,54,41,70
S0502,99,54,87
S0503,21,37,82
S0504,43,37,82
S0505,93,67,87
S0506,57,45,85
S0507,41,79,84
S0508,45,64,88
S0509,62,39,78
S0510,74,97,92
S0511,58,76,95
S0512,48,98,73
S0513,39,77,73
S0514,60,76,94
S0515,73,54,89
S0516,39,57,87
S0517,38,81,76
S0518,85,76,62
S0519,49,33,75
S0520,72,78,89
S0521,53,25,88
S0522,41,68,74
S0523,86,99,84
S0524,25,33,97
S0525,98,56,97
S0526,46,39,82
S0527,29,36,84
S0528,92,81,66
S0529,67,32,81
S0530,89,96,76
S0531,78,51,77
S0532,78,86,69
S0533,21,36,69
S0534,48,89,66
S0535,87,66,97
S0536,84,86,86
S0537,45,35,92
S0538,29,67,60
S0539,72,41,93
S0540,98,56,63
S0541,78,64,76
S0542,41,47,63
S0543,70,80,85
S0544,67,30,63
S0545,40,74,60
S0546,41,61,66
S0547,49,88,89
S0548,44,78,68
S0549,47,96,94
S0550,84,73,67
S0551,64,35,83
S0552,87,73,78
S0553,26,45,95
S0554,68,90,86
S0555,28,87,91
S0556,55,52,73
S0557,20,41,77
S0558,29,30,87
S0559,55,43,88
S0560,92,80,75
S0561,65,52,94
S0562,51,90,90
S0563,51,62,63
S0564,25,61,96
S0565,67,92,76
S0566,57,73,98
S0567,36,67,85
S0568,93,60,98
S0569,46,82,63
S0570,73,37,89
S0571,69,76,89
S0572,54,82,81
S0573,44,56,70
S0574,47,84,61
S0575,34,82,71
S0576,23,80,89
S0577,92,52,95
S0578,46,25,77
S0579,45,66,85
S0580,38,72,66
S0581,36,64,60
S0582,62,87,85
S0583,60,96,82
S0584,61,28,85
S0585,69,62,65
S0586,59,51,65
S0587,58,33,67
S0588,42,40,83
S0589,71,80,81
S0590,66,55,78
S0591,82,38,96
S0592,88,49,77
S0593,62,58,90
S0594,67,91,96
S0595,53,48,89
S0596,59,97,92
S0597,94,50,69
S0598,80,44,96
S0599,69,88,71
S0600,86,34,89
S0601,81,91,86
S0602,77,48,98
S0603,52,29,68
S0604,94,91,80
S0605,35,82,71
S0606,67,51,88
S0607,29,39,92
S0608,57,59,74
S0609,38,77,61
S0610,55,68,98
S0611,78,50,77
S0612,82,71,62
S0613,96,58,66
S0614,65,74,77
S0615,22,36,97
S0616,93,28,96
S0617,84,72,92
S0618,27,79,90
S0619,70,25,70
S0620,92,90,63
S0621,25,54,77
S0622,58,27,63
S0623,79,45,93
S0624,47,73,88
S0625,73,86,83
S0626,56,62,81
S0627,28,39,61
S0628,75,76,65
S0629,78,70,84
S0630,21,49,80
S0631,80,45,75
S0632,77,29,90
S0633,79,94,73
S0634,59,71,98
S0635,55,92,87
S0636,56,42,91
S0637,98,45,87
S0638,37,47,68
S0639,82,88,81
S0640,41,91,91
S0641,30,64,64
S0642,77,34,82
S0643,76,76,64
S0644,96,96,91
S0645,23,99,69
S0646,26,85,98
S0647,80,88,74
S0648,73,29,66
S0649,87,77,88
S0650,98,79,62
S0651,20,61,78
S0652,74,80,69
S0653,22,83,87
S0654,97,93,88
S0655,57,97,74
S0656,20,83,94
S0657,57,26,65
S0658,48,89,71
S0659,24,84,97
S0660,93,75,72
S0661,40,54,88
S0662,90,35,78
S0663,86,63,62
S0664,66,96,67
S0665,54,87,67
S0666,87,88,79
S0667,88,85,63
S0668,20,78,80
S0669,87,97,62
S0670,31,82,67
S0671,79,80,82
S0672,46,58,75
S0673,75,55,72
S0674,42,76,62
S0675,44,25,68
S0676,40,79,73
S0677,80,46,72
S0678,82,64,66
S0679,71,25,74
S0680,44,89,66
S0681,74,87,97
S0682,65,78,93
S0683,51,66,81
S0684,74,45,83
S0685,24,46,96
S0686,55,62,60
S0687,68,32,69
S0688,77,86,75
S0689,58,71,67
S0690,99,41,84
S0691,80,41,71
S0692,28,37,84
S0693,25,41,76
S0694,54,62,85
S0695,58,69,73
S0696,41,30,95
S0697,60,59,82
S0698,24,38,65
S0699,61,96,64
S0700,95,85,84
S0701,99,39,77
S0702,86,78,72
S0703,49,51,73
S0704,76,37,87
S0705,92,55,77
S0706,48,59,87
S0707,56,84,86
S0708,32,30,91
S0709,51,93,68
S0710,65,82,99
S0711,42,73,91
S0712,64,47,79
S0713,36,58,87
S0714,85,50,92
S0715,25,71,63
S0716,37,29,93
S0717,41,44,62
S0718,52,30,85
S0719,49,94,67
S0720,51,83,65
