Machine_Temperature,Pressure_Level,Production_Speed,Vibration_Level,Energy_Consumption,Material_Thickness,Defect_Count
40,59,282,4.601521205268171,3496,2.1713385544256334,5
100,78,387,3.042986758476557,2866,1.6963301149444105,3
82,78,406,4.710289246056518,1834,3.407405555581286,3
81,67,399,4.151510530188199,2203,2.747002257403782,5
64,60,181,3.3681604332554462,2725,1.6970867510242131,6
78,32,310,2.9282076598875664,4478,1.1715700007757925,8
74,64,249,1.8080109694856557,2689,1.0723989320935232,9
42,72,136,0.8805084816897452,4267,4.39097176463188,4
83,61,451,3.0642742211836502,4537,1.5956508578219026,8
90,82,411,1.6587466127287858,1310,3.4326979155993573,3
51,46,460,4.345549470885462,1261,4.148086675938198,9
58,57,158,4.96735099305728,2442,3.2633659003313125,1
83,79,230,3.7868960368163056,1405,4.368043542411256,2
98,26,301,0.5433603069065487,3190,2.2657717468781353,0
88,24,342,1.514559418100127,1341,4.802999857920267,5
100,64,134,0.6346371956521737,2339,1.0991525188014362,5
56,77,192,3.2875070741794077,4172,0.9596728834589214,0
113,50,306,3.849435236323345,1243,3.464114657933496,2
96,42,452,4.635806671315487,1489,4.742740136359678,4
94,61,490,2.24704449741874,1011,4.139975577363476,2
86,29,431,4.516740682983377,4310,0.8438758674712314,9
51,51,404,4.4016666793025045,1560,1.7571547127062237,2
101,72,449,1.6542590121504532,1041,4.686434981770207,9
119,49,312,4.357613065148798,3725,1.6387629476035306,2
47,58,258,1.94079403422046,1593,4.015266907041137,4
60,50,123,1.554659445345376,2452,4.213094881679167,4
119,21,392,3.2804658280925265,2826,2.7295344655744183,3
109,31,103,1.7090680166368974,4229,2.23857009431742,0
111,58,319,3.188022866812807,4287,2.525559945888918,4
64,85,463,3.0881758469436034,2693,1.5213411246441386,9
51,32,481,2.860850744007448,4533,4.502259122579799,4
54,65,119,1.9640565507407088,1133,2.5277884552839107,3
98,46,251,2.7876486360922366,4138,4.471067482052449,5
65,36,149,3.0227788274285663,4919,0.9756206595782334,9
65,79,276,2.77386575362782,4078,4.947238719500591,3
86,83,195,2.2776553184808876,1947,2.494728893496282,6
71,54,204,0.17186857952669268,4597,0.7152386917734745,6
49,89,349,2.97660236773564,1072,0.6710983170685472,1
55,49,216,0.9253774871993263,1398,3.8579326586682736,2
110,82,453,3.2486222478412294,2428,3.4656599039165634,0
56,47,327,3.8207872068220436,4746,4.109587511574144,7
62,79,165,2.5521820147406333,3625,0.9741539027876268,8
65,56,434,2.757581958400718,3906,0.6600689016599676,3
46,41,361,4.762244942363357,1129,2.788606802514103,5
53,87,394,4.251120070725613,3978,2.244178541672463,8
118,39,342,4.579758928162202,4537,2.578761215019301,5
46,87,470,4.087454812765974,4277,4.962147839916233,8
48,83,285,0.6336998750489841,2811,4.8683748095180155,3
87,36,345,0.8300600942539541,3001,4.740419253529367,7
111,31,224,2.680456606617902,4839,4.027292045454532,8
98,41,367,1.3057413281101915,1265,2.096786121156007,3
78,36,230,2.43580782770168,2560,2.354589186182472,4
57,29,336,2.032390086709916,2985,2.9732721967351603,7
98,84,117,2.7921297683092217,1792,4.23740505382178,9
56,41,139,3.7596910090655316,3300,0.8092077463322049,5
53,69,120,3.605905444786445,3869,2.4093359864819965,6
70,33,498,2.6540472491781384,2312,0.8717794855667091,2
63,83,324,4.129727752203585,1163,2.815959139580802,6
99,66,454,2.2112242485363636,1094,4.5450537080280595,7
84,48,381,4.4939000202166,2805,4.0211821605377205,9
42,55,107,0.4492733232703032,3880,1.525290878943995,5
76,71,199,4.777834147163206,2133,4.891958823194566,9
82,26,339,3.3079960990136064,3383,3.503076791208928,8
79,48,186,1.962365093792306,1821,0.5469246472883138,5
94,30,397,1.066055220207099,1237,1.6493606810834878,8
78,52,113,2.44799782427364,3428,1.6732098496396244,3
54,25,433,1.0533357836079749,4507,0.8116443782863697,7
43,51,101,0.9150248779413965,3946,4.819219331341681,3
64,70,474,3.125023611323574,3530,2.6521488255916568,1
52,77,392,2.663115150450745,2960,4.531165688173469,9
72,45,424,3.3834705695936145,3949,1.9499697655008275,8
55,65,140,4.655068799367747,2048,1.063551066947722,4
81,48,417,2.708075045361297,2676,2.6345124945779625,3
105,23,415,2.946567060987709,4188,1.0128048562144272,1
94,32,480,0.5391690618592164,3529,2.6870697633989296,0
81,58,210,3.616415350952285,4463,4.641337315487335,6
73,34,113,2.0595355133403657,3964,2.843456638253957,5
69,48,330,4.885953669446637,4041,3.274248771027876,1
52,48,183,4.133552676418735,1963,1.2048729663821374,7
52,51,229,2.66015709852898,1536,0.6968103164598627,3
57,21,330,0.7037910054436136,4150,0.9986358298091317,7
71,66,425,4.311137387074886,2603,3.1933920905796453,6
78,41,244,4.018927367577707,4244,0.927552645465371,4
85,46,478,1.0044671347314618,2979,2.1919680047359016,9
68,86,444,1.5468636171795196,4083,2.975413732061702,9
101,75,127,3.9876955649244032,4871,2.2489375938343117,7
101,40,165,1.0076193880823074,1127,1.2365771065938567,8
96,66,262,4.596987196939748,4679,1.7320608838134794,4
55,78,328,2.1801843834621737,1091,4.677428897818596,9
95,25,360,0.5264909166795274,4724,3.541920240138599,4
49,38,263,4.097168353170977,1542,2.7322152740594894,1
69,76,400,1.9301974468880996,1845,0.5572170049410208,4
64,88,402,2.679846051353527,4603,4.9658693022026155,2
44,22,386,0.6502912876149739,2681,3.5215472070258946,6
104,20,494,0.1126616727404137,4036,1.9261511480522522,9
88,77,109,3.226127508387159,2851,4.456708969990272,4
42,57,294,2.6243583346352852,3494,1.6629422913131815,7
84,34,217,3.0083389887034215,1389,2.948074606322382,0
53,53,369,3.9893448668645304,3719,3.362318436784213,2
69,80,179,3.268368975772015,2884,1.494785171541778,2
107,54,192,0.9563898698541482,1042,4.902787754602682,8
57,83,365,1.8677853436419394,1253,3.866863576905489,4
101,44,431,4.538866413460026,4201,3.0101595147998146,8
76,43,449,3.872729031233227,2083,1.312675691788854,8
64,31,460,2.8275215838899146,3710,0.7423619314911176,0
87,37,356,1.3526604892654344,3514,1.9402692463444255,1
104,34,232,1.580096458990496,3334,3.8893430116103125,4
92,46,375,3.6865945311696096,4058,1.7119908423591128,3
118,79,363,4.270753878178577,2540,2.9280029922297732,9
112,65,270,3.389980880700011,4538,3.7757622952883443,8
54,36,100,4.066696881265365,2953,0.9857467159090896,6
88,72,412,3.8566150624819895,3825,3.5838410725214302,5
107,27,163,0.833549442989093,3392,0.9134189946952012,6
51,46,473,2.17732958327518,1641,4.843083839571484,0
98,65,383,0.8496206240599571,3429,2.697773585292228,0
76,69,220,1.2526543655297258,4850,1.1780424846944482,7
100,22,206,4.359372160790158,1689,2.0407263621509593,1
82,83,274,2.417170631602593,2276,2.3603740218286764,9
109,63,303,2.7232546990290385,2950,3.911832549844418,8
78,72,264,0.9743852296160834,2079,3.8454070373447418,6
95,43,404,1.6301317516391007,2486,3.2537322740179895,5
102,79,219,1.2282062252965629,1456,0.9766882065132183,0
85,22,143,1.1103122061402897,1982,1.1820621721445312,0
50,39,411,3.226007887248254,3130,0.9219061429050048,1
101,65,255,1.3587308534640028,4976,3.0972775247939754,5
116,34,466,3.1968758815000506,2122,4.447122986801318,5
64,44,306,0.3864276091319142,1148,2.452102305146473,1
110,36,489,0.7946945282827992,2352,1.2238167828098578,0
91,28,207,1.4452472446006146,2179,3.0111904631703514,9
43,57,350,3.0255298927888896,1189,4.152884975895694,4
98,67,469,3.4116221009281427,4565,3.837704276808185,4
111,79,433,2.269313137219683,1882,4.466528508537596,1
59,82,229,2.2843754814284223,3310,1.7505594376199052,5
102,21,392,3.650132571853229,4151,1.372792402704987,8
93,30,119,0.17752334965135397,1399,4.459174186738725,1
113,83,381,1.7713411199236808,3811,3.459021407501104,9
96,40,384,4.11166457988424,1608,1.8991801850339938,1
80,37,100,3.0557751100455244,4331,3.8405662275762915,2
42,83,218,1.75241295050156,2795,4.168032730161656,6
45,57,134,4.537071482415402,2638,3.2674020815350957,5
44,51,297,3.885851364501975,2575,3.595478494459618,7
44,30,344,1.397987691459994,3832,2.1886695699919985,7
93,64,158,3.261920203876013,3148,2.924130503043676,5
86,52,424,3.0191785681258883,2382,2.85871626826773,9
88,60,260,2.065820778791015,2403,4.316215060088473,2
48,27,278,1.8980847881035234,1819,4.279837911269821,2
59,30,305,1.7834463264009495,4292,4.247062112061695,0
100,70,111,3.1240633386386696,1819,0.5496422641810961,6
74,60,375,2.267808688755281,1419,3.872954680109997,4
89,36,280,4.1761292549319675,1123,3.914043755499522,3
101,65,341,3.3810528190564137,1421,3.552704702848138,9
56,51,315,0.4426648679762273,4302,3.9031909605115365,3
42,73,350,3.236824296758014,4761,4.288866671735189,3
71,39,398,1.4286224388509057,4134,2.6164357434580356,5
52,52,225,3.0047787591017716,2508,2.759225960698012,7
112,59,316,3.432646462406912,4699,1.061213256101257,7
107,51,405,1.2310630268546594,4774,2.2341914737131283,4
53,21,384,2.3386073599138064,2597,3.3951433096030295,5
50,52,284,1.0325918278134323,1767,4.011798992662735,3
95,49,138,0.3564604913538908,3044,1.4774409396104475,8
106,52,322,1.9545344750807587,3530,1.1202030462165593,7
68,45,283,1.878426932045361,3566,3.483689020252215,9
48,41,277,4.977854404450859,3202,0.5084594758620979,9
106,85,393,2.287126520868447,3139,1.3026766293829843,0
64,57,439,1.7344907924137822,4029,0.6308212115477918,1
115,65,250,2.944327532911706,2549,1.2509830303469192,8
81,34,483,0.5349602311280655,3502,1.3159367596647735,7
48,63,225,4.812162106178585,2764,2.244531176376774,2
118,68,400,3.2113042233960627,3044,2.3104720610895018,7
79,80,407,3.798705317710154,3645,4.4341811177460695,0
64,86,435,0.935341897052196,4716,2.7954937062447134,9
44,25,333,2.106441479725499,1509,3.755321445255288,3
50,28,479,2.171176655641329,2206,0.9686181106412934,2
98,25,474,4.126851575115325,1385,1.5144743995866223,5
118,51,107,0.10605973082110627,2597,3.6632454844040456,6
77,60,440,1.57418023093095,4802,0.7376178221083765,3
111,27,228,4.908058234287089,3452,2.689689480096889,6
44,69,363,2.4269440631804713,3293,3.1971603454832023,8
87,81,256,1.9743787731956406,1741,3.2096553982361646,1
57,81,451,0.6871621098864671,4662,0.6031976507061891,2
109,26,457,4.873406680277276,3708,1.9494860190313348,4
76,23,104,0.19812914403653992,3697,3.3642079297211933,2
99,25,185,3.7121831025354917,4542,1.1704988126715956,7
87,77,274,3.8661390434636917,4897,3.6293704174762396,9
116,41,389,1.2939179087129467,2911,3.8566634396615354,7
67,45,292,3.390636373703883,2446,4.918861357007653,7
108,22,410,0.5553528074590107,1900,1.4442889768538425,8
116,60,218,1.3595316055171915,3112,4.213088004497518,3
79,79,317,3.960719742632099,4084,2.8413345961339433,4
84,33,213,4.336962340964347,3260,2.1805816826487803,4
101,31,244,3.0815834220329776,3009,1.0506954079633006,7
97,31,125,2.583508315920365,1241,3.809775229193919,6
106,32,235,0.8805897010330035,3540,1.5613591961465918,8
95,44,402,0.40923426208783586,4284,2.171399008428706,7
79,64,331,0.6764802395204372,4764,0.781440021038158,1
79,38,468,1.2140507704708843,3385,4.106151121187835,9
116,74,175,1.7742050592949123,3020,3.949648357872395,3
72,64,427,1.9664566750038377,1172,3.801271235190406,5
45,27,444,1.7969766660861175,1671,1.84749579721349,1
58,72,401,1.2713711277666015,1163,1.2806603341968077,6
